{
     "لوفي815007641356468235": {
          "msg": "لوفي",
          "guild": "815007641356468235",
          "reply": "حبيبي"
     },
     "لوفي623825023748276234": {
          "msg": "لوفي",
          "guild": "623825023748276234",
          "reply": "تفضل❤"
     },
     "حجي623825023748276234": {
          "msg": "حجي",
          "guild": "623825023748276234",
          "reply": "ها حياتي❤"
     },
     "<@473623736558288896>623825023748276234": {
          "msg": "<@473623736558288896>",
          "guild": "623825023748276234",
          "reply": "ها"
     },
     "!623825023748276234": {
          "msg": "!",
          "guild": "623825023748276234",
          "reply": "الحجي ‌‌‌كان‌ هنا"
     },
     "c815947254829547550": {
          "msg": "c",
          "guild": "815947254829547550",
          "reply": "+credits"
     },
     "<@811134934328279090>815947254829547550": {
          "msg": "<@811134934328279090>",
          "guild": "815947254829547550",
          "reply": "OFF🆗"
     },
     "$c826411497777397760": {
          "msg": "$c",
          "guild": "826411497777397760",
          "reply": "$clear"
     }
}